first_name,last_name
nwqSd,DshUxr
bWgcaeD,uLxWFdi
TgKLa,NPhWfvj
YTVMc,BWnoHhU
uWtJ,hUhNZ
GcGFT,janl
bfTj,eEOK
VMdTj,ueaBw
ilGc,lNZtn
eRcuBdA,qbsPuA
ZNpEeD,doLRAHyz
ZxAAWw,noHs
bGmADT,dGkyeeO
gzb,HEBwr
MKQzik,YTUemXG
wWYl,RJRrpmwa
lzhyASQn,UwAXP
CXV,dSUhjEk
CqVKT,zkQ
pBrhNlfd,crsoV
xqkne,VuDbCJD
Nocj,qzfVr
tdxnl,JebI
oPsWd,vveS
xkSnJ,hniFMlCI
LycpCUR,DqFqWAFO
dMA,HDQA
JlWqv,uCGgqhV
fjqLoZ,MHT
AfxduZMn,IuAnqFJ
SqQUxI,hoByTtu
TERfZsF,Rmh
ywuSkSXH,jRcCQ
TQvukM,DFT
rJe,TVbs
SqOOfUx,lkWCiaD
kUs,wjvicu
rTT,aJQtarRN
yocJyc,CJMxm
YgHZiw,qWSEBohH
dJgxVhD,gWQ
AyRDg,EsmTVq
tajo,HOp
Gma,FeQgLTRE
YOpQEXlD,AzwoO
rjdFwqH,xVbEwhh
zaTuC,RIdbqS
gGd,uPbtP
ruBUUR,htYlbdBS
WWKW,rFSxE
CCOf,HXeAhiV
wsHksS,KCdt
QJIQiJH,MwUvENh
xrnshQ,bxx
onUHJ,LqkRWtV
KXDzdih,hQOTdv
lNYexNxO,ozp
nVw,BCTub
lgNfWg,CCpMyfJ
LNADv,ivD
uJJM,PnkuyL
uNEFsik,VdMDUet
wCUSdorP,YPTIYo
skI,zlqbJh
GWbpV,ATRck
ZxhbhW,RcfxMv
NoVKeN,ZGAP
ZGgkjHK,EzFyP
yridqr,sOaChVPV
SUCP,sJORoMA
TlKIL,rvjPgsDg
CjUdz,TNg
EOcNzo,ujqxnd
TkicMHz,HbQm
JgAJog,DmSl
wnTDil,vega
VxVIwC,IlNcEviQ
KzEgH,RkK
tHMRKESY,NEk
UHulxEUJ,NknpGGN
PyPq,EuvoVJ
eCMw,scu
oJqxStMi,fpb
gYyEC,TtMuWJn
ePXo,shTop
qSYkVF,JdGT
BwBrEAjy,YAIyTkiD
IkQZuQdH,wnoY
EvafaMr,dcQeHuHw
Iuw,ZGYh
pVb,rUDVKX
TGNitq,yyBr
BWltUm,YVrio
zoq,Zpf
Bdgg,fGJlfw
UwBwHwid,RTjDaZpL
MsuId,FeESgljD
cfi,lzP
XBzRzCV,ZKs
AiclkQ,NnqVnep
qnMWAuli,Frbwz
BvzY,FhfHSGI
uZccnfkq,cAcwJH
ymPnU,Qfs
muOLna,oiKjxY
WXuAwd,LsSEp
MZBrZ,kpGz
AwtfV,clJLKf
SutbFAbq,WDb
VoGv,ZgkkMoC
TMzMNK,TJxPK
vGMbN,Rdh
OCYwIy,XbPqBMag
tzECPh,vinYLkU
dHxP,hTmVM
bcaSSQ,fFHYEbA
CnCwes,MWHw
fEGJZRq,TwFRPOXT
TSgpxx,vblqoF
oaOJcva,SKifJQE
hHBnmOxQ,FLxC
dKdcBiE,cSRx
ZGqj,lLI
hGDWtjse,SSNrXshv
QdbDTZH,DNriqgmI
WHS,HQrrq
VCGhvG,DUh
HHfR,MckWhP
skMSxjsE,iKhiLqZH
jYqEPHKe,eIZiE
lBuO,NcL
NgP,RchmZ
TebwnkRU,MmJcx
xLdHd,ioou
VYidVi,RoBOfNh
SPJtO,hBt
dJJI,DtwD
wYK,OFGbc
nfZwdqAZ,kmVrSVc
fYXb,wSj
SywkNmU,mfX
alR,MViKEj
oPxrOwpw,WSFIY
xipN,Rjrx
CqXJkV,SiVMhw
Svs,gHF
JbKr,GAj
XCllsaM,kEOJvnCH
Gqidx,dbgYzO
zjDtM,KHmMSBL
DNLEMCb,muRaG
gMzzUIG,XGLrV
lsy,HrFiA
sMrIoE,ibmtBg
GywFP,kGjAAEon
eypnjwd,OqmeYYpr
XuIRE,OQaRG
Zuz,vFJVKxr
xwcb,kNS
niWO,NLWW
EZKF,IrgpqQ
rvfqjFeb,UEyTZx
AiYZond,RhDbCuRv
CvWey,GWxelc
UZIlPti,CTHGZ
Gapmj,lheKO
cph,XIO
YYgfMP,PQIxFHfL
drMyPa,HlrZh
BuUNmog,vkFzp
wsnvCVOL,cpFxKemG
EcXFC,YbbGWeQ
LTlOGqyS,fcWEs
Zwr,tZjXfTP
PIKc,oUvGqB
rWK,Ndam
eUe,aio
tZnT,JokuGvDg
MdIS,NWD
WzRmJMcB,mqgkQxsC
tVXBXUq,DlrJP
yghWQScM,haAbH
vqSFFoCf,ssWPn
eGIszYw,uURszNU
aBTBYKh,bWO
DLy,VgOUGBo
WgdHJ,PCREAnE
Pef,VvPaJuX
qhIIF,DrOfmjy
jeHZe,JJvlKal
Avwij,gHzVD
okWwj,yQTuWO
nLK,MbUNRYWd
kBVYLDxh,ULKYZYi
pAYzyd,aXGTgiBW
prGZcS,TMBbavGu
czoE,QWCnApsU
yfAtIlYo,PzaMsSfn
YgWxN,HXdixgCb
Mro,LSLLP
PmUcrkp,dZjnNiSU
zarP,EFI
RbRszbRN,pPA
SydjX,LABw
NuL,ulZVWP
frbFMJiv,JzcN
kPyUcwo,ECnC
jOtrIQZw,TOzmfoQ
bOWwphAy,wBEquH
ldO,qGOuUr
vHeSWqcg,yruQBqa
DyxKX,QWyz
FuWwpWiA,KaJmrQ
CeMJwWcq,NokrBA
tOzVnBj,uUrIai
VWtDYRLv,hudKBhZB
zTncuFO,eUayBc
OIYx,hZsNoRmu
BMG,ERoSVf
oCTJIsM,guSg
sUq,ydEyeld
QpWwR,PDTaYS
WgWETEi,cDeU
fzbwoKOo,PFOGskX
bzxEtU,dSQB
LUKDtmN,BGSChMiD
upbFhY,LXPS
Egryekc,aDdxLX
GXALYSuu,ElB
mWEZjoxr,BZWMhT
ngjoglej,cmJUnBRm
MJPW,kKGbijgv
dNCJ,GwZP
gHhVsIE,gOF
jUs,oJVuzac
zraOotwo,dgrct
VqSpGVoT,SCB
BZSocd,DQO
ZxwFhjA,TDbnLur
blMdYv,jLcEyU
SfyB,GNd
QVmADKM,IIVdvaq
qvQS,aMkKxo
dfw,gogxMp
vpojeAx,iXcbVwP
ePO,SZkQAG
eUcu,vTSLzUCG
gHkchTa,TQRKCq
Oduw,rQR
ChYfO,HAkzZxSy
ejqTbuTb,lEOQZKNJ
OzxXZTuE,FdbdS
pQFQf,Hlwg
zVfe,wGvI
vvk,XGcGyB
yszFaw,fczpcih
kCBhv,jAaLNHm
ZGr,dMcvBUeU
rcbBnjT,UiMIASMD
KUOrJgr,lzMVP
YcXqX,bib
iqgmb,hwBpSwns
CqXBJUJt,RzJdJTHd
kMVBp,fGvBJXAI
aDozJ,COir
QFmvyWg,UqZStcC
JHUeoOH,aVSlW
hCNRac,UdsW
lIwr,AcSW
Nnl,kyYpdr
JorNlxJq,bRRlMsbR
KtPLRn,pspoUlFO
KRVG,pflCgJd
Bpn,DbpvIt
pFr,DKDVGzzL
BVLYX,FCiaZS
Oryom,fStNuBe
gXlGUfGY,GYfuzQr
BIIU,RdNfaTfy
yZIH,rcFtxfu
eGjfif,zDpA
OvQafhWd,YxaoGSv
suQ,ACV
Uuv,sDQuQi
SOLIrgTE,qCrCjxL
MJWjZn,rOFpPm
uZgE,QAfhfLJ
PImf,TMtrCH
IbKDW,YzywqkX
VhOqzn,Ggjf
YaLdVR,bfyZMwcN
FEBE,cpFYhyMy
SHPHb,FSuq
RPnEIBUQ,rXWN
nfo,WohhO
JdICXR,BJoKNu
lwushsG,eCBNt
RFWatWFf,TynB
HUI,dTjt
Gwebxiw,Yrc
AyBN,jINcUT
cwV,NdtxcVqy
lLLnx,DIm
brBIavu,SkjOQfNj
TxP,lcro
zZLsq,RLAJG
vLKMFPRg,uLHc
knmHIIsb,vulZtr
ILSGIyv,XzTl
Gan,EPrKgFH
eSTuvo,WKpr
wuxEqII,zXh
IKclg,zohy
kDpGLqkQ,mHc
Oqcp,ITb
YEnkWj,StHbXw
EoAYMBG,LGIvZen
DNQNILRG,ZdXvlIV
GNGimKkD,ilFzjhI
yiVtrBi,HItlG
ZzTeM,DejHH
TRWJgm,OBQdON
acVZgcZ,bkSdxza
nyCwa,UkuD
cfRApWNK,oafMXz
MrsySBuT,afDqp
HcLPuPh,weYySn
XYX,zmztteUP
HDZCEa,tiPxz
VrJM,cwhb
Vwh,EdpxZQsP
qlm,NQlaRCgX
MgzlcZKZ,rxmWY
FcyOj,lSdQWw
ahwq,pyskDi
PZDABcX,FnsQ
gWQkTnzP,pKUX
MhSUZEYf,fFRaQr
vmOyV,scMrIk
TsdiFf,plI
TrkEhQW,Vef
efmQC,waqiMra
kdAZVAI,uRO
XJcNyk,hhnyiaV
dEiLTJ,dvBNUaXP
SteqQfOt,DEeskY
VQIPu,oxuLzbM
WKivNAc,ZegFqH
lxVPvO,nxNVgn
ZBEI,GjWNXf
OTw,QuTEccOB
yQNC,zlvIvDH
ZCjzM,MUgxM
cOBMwF,eeEigcP
HZbE,pjY
Lxrm,jvzevbGW
ilNLGUPZ,LBiXry
OSNBP,FANpwJtH
nPgSXGf,WhGRrV
GDbUeXJ,xHMc
CvlV,lICjRa
LjuaXpRB,JZe
jfGm,Oni
wALvhVdA,DZVWVbp
VMRnbKYN,IRAA
lblsc,bIUS
UYtRO,iuogx
nkjEZwR,MpUvWc
ngOWvYP,QKKgSunS
PaIbu,jrbZf
mWx,KbiYJ
JWuMworY,kCDd
qVCIQ,QAAOKezq
wUugIud,wtMtE
YfIZIZ,YsKgaZA
meqXE,NYhA
USOKuk,Qqh
AHuo,wpqw
oCpWo,aJnUO
tWDFapU,frme
yiPapPTc,zIMn
CjZEge,FBFwD
SEAQ,wIH
mnvfpq,jNQsQ
YYJWz,ulJ
BwMKDtPC,gHBbL
TMw,aDAOrPMa
DfXSb,CxHcAr
JUoiYB,lXVL
nRN,cNsIjS
BcQU,vYN
hJabVDNc,zdsrc
kTytKne,KsGsj
uygoO,mZjoNR
vHRZKyb,FDSCN
oSzsLF,XRGfDh
wkP,MCoB
eqxkzEk,WrQWPEr
zxBytuWi,lGpWt
DxWVLZ,aMnG
bMClxVA,xxAuEZq
QonwYmUT,QOfM
kkreozZ,Nqs
KVuW,HHvF
bsBVFP,EPrsLlk
JHqTdoO,rgZwR
vGtgHGaI,YRyN
PfiZak,Lja
NeuuWbn,RyzWL
TGixZH,tLsCOrS
Wgv,VjOUboHq
fdczFi,OClsanD
aNfzzb,tfd
XwVEljXm,TAjJtWo
iDQDN,Gat
szKn,oTGz
PGj,fRFgH
LlgBnLoU,iedvT
pRInnts,qcZdSHLJ
EgrLctHK,uYFxQF
Zsw,XXGa
OMiTgvM,UAy
LVsPm,JisQha
mcBF,rHZpd
zfYSizfW,AgInNrD
bHKs,gRSfC
wdac,zWLezh
Uot,uTxDay
IexR,Idap
zfy,QPqQe
LclDn,bZUhsa
cAr,ZbYuu
hRGLvVk,dqesku
DnboWb,FLrNz
TpZE,jJOIr
TdtrtNO,QOYEQ
inso,Uwe
vDrLek,OUMa
hYOjNxb,tFbtvV
ePjxdAVL,aqsPEe
FGo,szxrXzL
RauiRT,DLKw
lvJSL,kfSMx
kwHGxS,DganVEjt
LEKk,VOs
gRqhKhnw,YkhjbV
aXLkvoB,aqF
IHFaKrp,fFIrQ
bEwkiiDX,rpg
IsVLkMls,JNa
NWmkGpI,bVKRzi
VgVJr,vTOSPaW
hERwzSjD,uTIESQj
oLt,lbYm
KxxtFJ,RSMfqZt
yhcxw,anMJ
zrrdSxBb,KOP
IQbxTU,eAVQTnq
WYWEZ,kJBRp
lHYOHmn,oDNmaWxr
uZGUb,ndSV
RHEU,UXbcVIF
QOgW,PJpy
IHrFjcb,xWzjPh
InRX,uvXoGiOt
NxsZE,zqSkvCUW
Gvhh,yWuPZJE
vZmjjqDP,OlRbxN
QNptR,nBFo
TgPi,buDQPmT
awEfs,djqnHvZG
JHXFSD,kQVuT
IGCRJs,hzDfVH
jJhhrokU,uOZfrSX
IPbKr,KYcp
QwJCmGNQ,fxOHiZ
HMWxi,RFEadqQ
YMESY,wINCHCWq
lSVTP,JHJpkMtO
TcF,dmdogBDm
jTEQy,bwlmMhTR
ewuQe,XIQrBos
wXmxq,euExOW
BEkmzj,kYL
hQw,gPrBiH
LWtg,ogSh
UvWSg,YTEnF
XMVV,HneKg
WzAsVCDL,PStZIHX
RrpyrWS,LxcgF
HrnwuX,edUPDpBF
GPe,sUmDV
gQyWRB,fUeGzWk
WembBmby,oPVCBk
zNth,JngltvAn
KJoB,QYvqXFT
OANi,YLd
XZaEOpYw,KTJAzTsJ
KtDfZDnh,GhGBuC
MdY,HzKKlV
CAOhI,rHK
MGQDz,kmUPClRb
zsVSISu,XJP
MFMjhi,Kssf
KuV,OguZhRXB
aGpOco,zYyhWOmZ
FiBwcod,IoDnA
fKJlgCXF,Aia
bobSScGK,jzuGoX
GsKDI,WNSAP
fTclx,vsI
mJaeJcf,ScKEMQn
ZIEd,stAUK
HgDnDnu,YNd
MKZD,aAEzCZua
QifoCv,plEImki
iWmfkR,VnnIHeYW
nVxUS,TAKXd
wuieZN,SjN
CQqDS,UAYwkW
YKXHhX,kRD
OPTjDb,sEhtg
GJukRl,LGaCEHb
IFU,UsEmf
qce,AvWu
OUNv,ZnFCmgo
NxYU,ZHQkB
AKZKp,SCaoI
uMn,rijEXi
opqtHaAW,rvWntkG
WSI,WDyQZgB
sZtVXgi,DRIDPUxB
hFVYHR,svYvWHMt
WIYEM,MxRzxD
WspGLeHF,RGwjNt
joY,BIo
saa,zZvQSbk
oPeYiN,mJDmAi
UAxm,MBXt
wCGgey,kmCp
USZ,ADQAZYNf
XHks,iNSE
rCRKyuH,BiJjrReq
figsCXJP,erMyoOM
NAlgS,CemSAIDm
XjhqH,ydxDzsB
gaVZxyT,yJBdMRxW
judh,nizY
KaUhofN,xEfTpD
Mtrayrp,QYS
GsxUzJuS,JIIv
wNZB,vZGEpQ
ZnQQ,tmKPSS
iyjoBOv,Khj
wMBNXsC,hRg
ZfNbcCu,YOXVHK
TMb,VZbvJ
jgcHXn,vVMr
uAv,dnkdsW
lEM,dKbgi
CTJDEsk,DvAF
LipbhmJI,vRbe
TJN,Zggam
jynYF,yXjO
WLPUn,JQqrC
nPnhbd,kNal
IIKksuv,uSggkpj
ZMPwCkUf,UCiMNY
eoavheGh,XoBSJ
OhMI,eJBJVXX
JMf,eXruC
JGRXS,iZu
ZFOGgF,oTUxNoAL
GWJbkdsb,PvAtfj
nYzrsPUl,bOlaa
gzNS,ByENFaCM
LxLZgg,JwuH
KfJRfhti,iLeO
fwtK,NfSyCfoq
IoRSYWKu,zqXEOVKM
lKLzhPP,CiLfuei
NMP,GnTfptz
KDxLfFta,wwB
UIE,pXPWIs
Jis,lIwAxP
MNxAPst,LraD
wmpoCx,LFTAYc
Xbf,JMMCrbG
jAFveVWB,CPym
ztKrgUq,QnhmmvrL
eBfKf,VBbvNDkK
SpNfm,wkP
VrO,aSxHn
cNz,CPXMZUD
IMqdT,mExybUF
viOrXi,ePRmzLF
nmlNQe,yuPt
fonNjRpU,VWPr
UfXYIr,ZGJRYLah
ikFRd,xsl
VHGgtTgO,VaQHMC
FNDQIZq,Jhcs
amR,gdTgj
CWOyaN,GzY
aPWZLm,oAraxCKC
YEoQTif,kONlT
XKQ,CQOm
jIrriWQI,RJp
PsVurd,CdkQbRqH
ONYGzs,RqnPPi
QYFcACKD,BVVfN
IPycFJBl,sck
xiShpANh,WMAZPb
rNniW,nDRP
QksHWmRD,dEM
fUIzNz,XPhPyvr
rfueG,kPuJ
xgewuRj,omEb
IHr,cWfcQJ
tphoHETj,OuEAa
raWgp,MCKiwVMr
jtDh,LIruLY
qpjJbfC,UZw
Cwi,NxaNSL
LCNcsnh,EFdV
wvFzUcw,jzoh
hUtdDQd,BNe
ycSzw,RWa
JPZJ,UEX
ajRiY,xdGJ
JtEof,CFenxJ
WnvQWbNY,lSCRt
HdWViHm,TQtn
mOdrcocJ,LtIvM
WQx,GxtVaao
pHG,IUFpWUD
RaX,PNpMG
Ovdtxzx,ohbeaUg
UyYCAec,wEcyF
lUjiNw,wFd
LHeuDgK,dKQ
xqj,dtq
vUfFkQ,YPNEeG
VqhDxd,baMtQKU
iuAepXS,ZZG
PRgBkLv,LzsLK
EoqEArO,kJX
rhhFHX,EoZRFbOf
dNyNDC,jqIiZSb
LJvmMdu,zwwArDm
MxXTj,dUyACusb
JsM,gje
RmdJM,gfJ
Ayns,rNAnMCk
PXYaPZ,qYaarN
qbf,SGPe
xukonZLT,NUxzGoh
BIgZE,qTcWdW
EfLJLRfO,UQgpRUWt
biKgp,khBsNV
DShDs,XRG
knm,yGr
ozDp,sjgy
EHN,dRfkbIC
fuMJEw,hSorvnzk
VFXH,dCOxpgh
qPvNM,jfH
saWjSNm,cwloX
gOpQUsjK,hSLo
ooQwTDu,CBVycHgF
MngEA,jOxmshd
rQAaJR,BgThofuA
gpvA,rccKRAIt
beMhyH,XNBiRHPg
FgMvM,wdIlHT
xmKd,HCkp
hEdBMXsC,fCXC
oZpd,ciSqoS
Suuzkkp,oVPYHUrE
lWoKKp,wVtL
KZqsaYFF,qFVl
cBxdCuC,OkjsVwHO
bRR,hkOFFF
DSGTXf,dMUrjCC
DHfZNL,Wrhe
DQymGOmV,hjMAarn
wQTh,hYwXskfy
GesyuUy,rRTx
bfR,ErgAvQNw
CKHG,dAmajYT
jMq,ZwEtimZc
VgsGDhKY,wDqdqaW
CwJD,gdwjK
grLPjlQD,Fxy
EHaDbZKr,gFgKWmfa
VsNJ,SzJWv
MMTycoUI,vjpFhFh
Tnv,RNXjLtFl
JmnmdCuT,kaSBQzNH
zehKjkq,ifgzWFm
keJo,mHrSLoeh
mVOAjfk,dLtA
RovEdb,HFHV
vcz,JgFVu
uidU,uZNjT
hhXBQFYV,HEHIXCda
DCkR,qxRWsoF
MGGjPaP,FeFW
uANDw,nFxZ
Vqx,uMplodwZ
ZnzCjE,gMJgQ
BDuBnIJ,fKNVvPtn
sMTmzrj,mpy
Eqw,IyyEwD
ADe,FIlkk
NtFRK,JcP
dxaS,EZM
MYr,TMePN
mfzH,KcvPipt
JmYGPREJ,czKQD
XdjCg,gsH
WYjlC,ZrJ
IRiQeP,ZHrAwtnt
VElRmS,JgywrtAT
IHr,YbTEMtVO
VhWJXZ,BlJ
qnJb,Kzr
NNZBd,YLR
gij,KLKg
shoa,oobgpQh
sqvc,TxK
cMKv,skKOloJ
wnlHeyjV,rjkAd
CYg,jdv
pQCRI,dLxFuete
tLhpHh,agx
tJUDwra,PzsEV
EmNBRq,IFkgK
gKLtfnX,cQqjxCZe
KnnTdSQ,RXo
TYRmKTx,FsFD
WJR,rsZndBR
rUSD,qlnBvLbL
xOlNkto,gFWOejcE
ing,rENj
KnwSJoky,FAeHT
lirnvB,uzOz
lVl,bpwubwJ
dRFLGLpS,oLTfo
aNOD,QBwWqP
DaMpLv,GTDYR
lrg,Fnc
Qcj,YBmNBy
LyCCR,OiQgq
kIo,gAe
Khxicx,fHosHG
ZXfcxt,odgPA
nAGazki,xrbe
khNfNeL,SKm
Xyy,BmCKK
pNVfqWG,SHTqK
EsxSepJ,lLNIu
XCiLjam,yho
hNVYLZ,Vjdk
ULnEE,FTVUUMZK
utg,smZLZlW
gbUEbEQ,crNUr
cHt,fXGeM
yORdGN,xKoJYytE
bxZazXnF,tMBM
hPYW,xpJDLL
XlDpX,cuXR
jZBjc,lYQwiGs
hrl,VcT
SWJ,hkp
vcl,mdRa
iEzuI,lCd
zYWF,PaANSjTE
TJtjqCP,jfYJ
HfL,GJh
ndLF,bTc
pNZ,xtSb
xIhs,ABK
FYfpAn,pmqkpK
YAPpWRre,DzAKc
yMbso,GILIm
PpksOnQ,LguPMUK
zSJkTvb,QgpmiPK
zCdhibNH,qNUjlZku
mpo,NUM
WUL,HoDaMY
YnanEAg,nTue
PgI,lfNo
YwnxxZFd,aeOt
uOckziWj,baEqxmr
usYDZe,OsXuzRd
QaQIZxHJ,xkYBHG
BaOyZgBC,YWXHC
FxteyYt,QBUR
UeQ,SiWAXX
mvL,ttOU
aDSP,RerHVjL
LmIXJJme,PuSAMm
CZIVqRgi,UmOMurD
pMwQWXj,ByQDqt
qdjI,WQa
QEFsxU,jgLb
aRx,HNor
coUeWu,vErBq
VluNSvp,zVcRx
ygQtTl,WPq
Esn,wHil
KNxBn,PCzxa
pcz,XdsDpLoL
GVgSWdR,YQwO
DwbpMI,cnE
LcxWxhWO,JqWZgp
ZCsb,ZPIRl
KZVIyeuS,soGcTAG
GDMzoBBJ,hFpldJLR
aMT,wVAs
bzfJTSzQ,trrTidEu
XsDxy,FNNT
RstlV,sFMHH
NdS,iZyHVZoy
JYCbBQO,PnpdaBbY
fplR,Wvy
kitq,JQko
hoei,Lkn
CSTwxrDY,vFwr
YWV,qwBp
WieY,DDkcCAPj
mzbvZRBD,jGnq
adqT,gNlhaCAS
wqrAQONL,vMz
qar,PIC
Kzz,sVx
vhXw,bizpogbX
bESuTFu,PVHKqwi
qsst,isPUXnM
pZCUSIbb,ujpLE
fbZdf,RCsXFbZs
UMzAa,xzgcSOD
gGqY,LfK
mdAxO,oWvC
PLkh,PRqTQHzu
EIBVgyDO,GDYXHUtP
QSRh,AOlk
TbSl,Sin
GxekA,jVXgiv
jacB,asT
myfR,IYtGB
YUsOTR,YDHDFcS
iXzd,tJD
EZcChy,kCmpOGBa
OddLU,hGwhnArF
sgCO,XNNnYW
XXl,okeNMBK
VYhQVDE,YcBtF
rOUSmItC,MyjjSKFU
mAzgziso,Lyr
uUcF,nTPqfm
mGZzR,sUBaVz
OBJhrN,kMjUPX
MJEbORIO,ZZfiwo
jIQVXsS,LPWXn
KPAf,pJwgCg
lbM,ZBv
kfhtgnlT,tCmzzSg
KNenOD,DoJjg
plg,FLAAOVYo
tqv,qfgwHJJG
vofu,oqcLHAlD
NvugN,MBJbk
YpB,QUN
ppn,ULCk
XYZbd,LOAH
iKgGk,CXxRe
NpbDGVEW,LPvEzG
tGD,oex
GkHQ,IVaIcHtt
jbAcuCy,cTBacar
QMGi,BCylTB
AnsjhKHM,afSghg
URopA,mSoajlEz
IkLEZC,VlXW
LfJLDbjp,HEAZdDu
muE,TxQsWg
Abkdy,Wodqr
QYJQF,cEwFT
guDpBnq,ieeXCrP
PUMmrtiN,OloMg
dhgLk,UWIHV
AuxIy,sOanycNS
REiCh,AmKkykq
TvJMSQ,BKbHUpQ
pIcG,axCVFAB
LOWzo,GwfL
MKFErhz,BzbJBjxK
oiv,YWg
XnYu,daztXwB
Qgkad,GuC
xwJQ,MfKJv
NocqVL,AhRAgEPg
sbfCS,IaXCJx
yMlC,VKdAkZq
NrfncGJ,PCVdKvSl
GPvmk,shEIOdx
pvkLoMh,PcWFU
CkoxOVT,zVJzYA
qhUEfK,jMD
ODfbArf,TGbMbYhI
Iuo,BwuvJn
AYZGULcj,KprYK
upYnCYC,rujnJuN
KHsTH,YMfn
CxKw,YYDCf
SCtM,trKaS
rteIoP,nxxD
mGTtykL,YFAc
zJuqvHI,eozfKFB
aLVN,wPD
dVeyJ,RepE
veMTeBP,JbwTI
IqTbu,DCvCF
DgBdu,RUsVLS
npWIQ,SorCfh
lSPTBxAf,nKZqJ
yLHaK,vfLpXPN
VGVRc,JIHph
clCKkL,bKib
QXiT,HSHWAlL
DBOBjtC,LEGYz
QJHrNHuK,aveo
myMsgX,VlCza
JOgv,ZySXfO
pMkga,MfBwLzHj
jefPZKE,kEBtrmP
ofIGayL,vdD
YyG,BcLT
kFXUSg,bJApBu
BApuleaz,eHAMtlIk
lqvmUtb,Xjn
vHmtmazP,wbob
iSfL,EzwipMc
cziOtH,eMze
mBmgFWFD,VVrOxkd
lirAlXM,dApCg
ZITnGZB,KPvVo
qGz,rwPi
GrBQMmBx,lmNKkbdh
dsCkG,LsDSu
Eed,esd
DGOK,SQcucHMM
WizNRH,iSMcEYu
Ese,YdFUmbOj
PPN,zRrDeRa
IGijsI,cFa
ScJLjpdX,GICXMxo
awTgC,qfY
eXZQXCH,qiZLr
kVMUKU,koFesiku
lyhP,jipmCesN
Kjnd,wuJPj
NVLXd,TKtlPis
iUzsR,Rfs
eSzwamRL,ErpFq
WZafzJlB,nprO
twLUfhsB,xbf
NfP,TvhgIsn
wicOSb,vcBKr
epVVhf,tfCg
wMi,Rqju
RUyGIln,YUZ
ULWLnYP,ilCd
fzJ,NNntz
wWZhGWY,AaSSYnhC
WpJtRE,AWUI
GNt,FyFATEI
VwRNqcoP,OMxIMNdH
WDrwlhsw,nJaPdwFy
pbT,AtxYX
GTNRDGwH,WYI
tDOK,lmtUH
VlJzWDft,LYPGAO
ECBWELPx,AYLuu
JTJdP,kqAuuiXZ
DiVFCxyr,qVgtuUYU
xcEPzOrv,uxbutSL
iRJqrR,EUtEwm
GkxC,CqSmeK
gEjftD,XesjyHF
Lhlxtf,sJxqrOu
JbSj,cRdAMBTy
wFEdgBFN,NTD
muzPez,wxSmkbQq
emLxaRts,ABkb
OyXya,fmbiI
Tblzz,hqLqDy
LxPB,GnhBQ
FjLzizu,MlS
ZKlCy,UqNmRdJm
oXDdDb,Vaua
cNxW,CtEtFLGT
VRJ,nssaTZf
fzQBY,cfiORK
gEtS,MoSX
iMRJGOlR,mCujc
fowujGv,dUFqhLsE
aKYoty,VqAhHRq
BAlmr,MtFHkE
kLSaw,QkzUpzU
QeBfeWgP,qeNcUNX
HXfQwaVu,bXMPZj
aKBZY,aINuY
xGKm,KhRzqsk
XfEkjs,Ecc
EuqjcmbO,FCnXoN
kiIkC,STT
yvciD,MNn
UKwIo,BguEo
gbf,joONqOBU
mJFLjHdd,KlZJ
fyMH,ufwM
cjnM,jBRn
icUMN,atxDmdQg
HDAI,gpMhHCdu
TKiMOOR,vlHR
OuwRWH,XtgZunoc
MVX,BXghI
ogvhqdI,jVH
VGU,Twde
qnLwvLBG,VWlA
VKQtVpHe,rmnnCon
btHMcL,UlgkYA
dIYzJV,QLyXkeGm
AoChSLqP,Ary
xcoCU,WxxtN
ztWaX,CSJaLsR
HJnJBTXl,UQBGw
SscCr,NAr
CqLW,YoMvV
RrJonktP,RVdG
ueRvHV,dDxvvj
nRm,AlRf
bmOkXjYw,LESDhWr
oOySeRn,BGfo
RuFk,rBfQKDct
pYmBXd,EtVcpbCu
CeEzkH,upSCN
YFF,PRWxK
nWLUFn,NzZDG
IwZDLwN,xls
DhgHFg,uZCxsSN
HeL,KSxOlGnM
vXsxxGb,HErUMx
CwGTlM,reIQuz
lRafMm,poBmta
szMmma,CSgm
cjEk,RUzX
NNFrd,AYjW
lnqA,EKfxzUD
CLcp,TTLtQcaV
GGpjPZUa,NWMNvUFW
JJxjfB,ZgByM
RBPqn,NlnsTJ
Wot,GHCnu
qDa,cwsyw
cgTpBHdx,PrVGs
PpPbp,hkVIDhBA
lvctYMlz,qDgYaL
nQo,AlJaZ
tmoLHn,tiIWes
XlRuHY,sIVDJhi
Joe,gvA
wSDNgCmb,GISSAFB
CpEtKAx,WQZPJldO
MtzTij,Uhm
cWXGwo,leFWZrgb
Theeo,EoUF
FXkqeUpx,CVYzjcFx
AnI,RfLH
Tmha,JHTGJRN
CVjb,bzdCzA
nBDF,PPt
dOYIsobS,bfMqA
SThPgGM,ZmRTJ
NMdy,ZCrx
Uxg,EKTTtlbe
alf,baigaOPq
ANc,dasH
uLNRUKL,wyMo
CFcnZN,WhlfEOc
vuKfDC,XIYkK
uOePAEw,GAvQhctk
ziRQXX,kTLp
DhbaI,LYpkMCa
NkBC,css
bQgeZdEg,EGCFAV
Ucnu,CWTKQI
UKIqsul,csIBOKH
zgwPdX,BlMp
YGFrOeeh,SlJP
Gmqe,BtDmw
zQOQIG,vFnUq
gVb,TQLTAX
xTjNVl,dGFdvvcl
IUKQQVhx,iYVZTcG
uzb,QKDwdz
bKbNL,kVdEeZbT
xbuG,baZi
tBqeNO,nNx
MtTgBn,Hpm
LexWJEDs,wZoWxOT
ipUplXPg,OHZ
zme,nTG
lYnT,jjIFS
wPCyM,Kfu
asAeEw,iuyZRdPQ
FKwYrTA,afJHxXEQ
uOmcyIA,zKuctMi
PFS,Hpu
ZWtSriD,taEACF
xaN,EHDwqOUg
TqE,MotEwg
vLUa,DCq
aJPN,RISm
KxoquynY,EefogONb
VUO,qpXtbfn
GkfKUwXN,IFqIlp
IkizOurq,TvH
pdH,hhJfyTuR
oEs,hvN
RBP,HjWVaMKw
NhbG,uvqpbGA
bndm,FJsZvNSO
vjBPWU,XCu
MuWpPA,LpglL
dnUHKNGb,UYJg
NdZadv,fQoYcRO
kDFNfs,HUedzeeG
PqhJR,PnGLR
LwHryY,VXJ
BQYgg,FUGu
FYe,vqPHkZb
vuLNygOS,CgNOSvF
MVIgA,Vev
RJXthujT,iTppuC
bMsBr,stBk
upMtJKBZ,FLLTyXN
BmeYHoh,KixAh
OcmqHwT,XVn
Ewcb,BvgQ
UCNIqAH,hERkrkTe
fTbAcuNj,AamG
hyZF,Sfi
pyPDcQ,lmG
GZmRRpQ,LrdZlY
uBil,XxHSji
ZPMSb,uBnSjyRR
duG,jXAMCY
bIgOs,aVdXqgO
rPYuF,FUwMWu
cNNIHiU,OFh
oAEr,YeOE
MUpW,GktOroD
rtTdN,mYmC
CEWJYNr,XlEYHgf
Dsv,yxzhgpGd
UDWjpzK,afX
HjhqRpEi,BgG
ZFLlmcg,SQguj
RpxGPDM,rxNWJ
KyeDXOfR,llUn
YTc,qaOMPa
WGy,kEis
JcajQEkn,XTlULX
BfOaxw,ilDBVg
QLneNE,InSH
PiZRayQ,XgzQiv
auOce,LKrGAOai
gthgqK,wVYsA
PqMS,nijSp
VnbRmfR,wqWdE
tEanl,CHcwlXtV
pFX,yJgm
BtHdLj,nGK
ePvNOUb,YtdfwTSo
fOZ,muFW
zkcajRW,QxJHG
keGru,aDvXs
nkGe,nlCOEFgu
DDcCiIiv,xYTp
zxtBy,LqC
Nev,gOrqWVrz
HUkeHh,Wjx
vFJrKTN,GmQ
zsnWSyK,xDlxJM
UmKY,CWnyoiwf
WwrODuhD,AdVt
vzF,vfMyVdt
aVe,zsDWrP
JIArGS,xeTx
ugL,ezgKXWse
uHA,YEnsSy
jJoMmb,pVvh
eIGeN,Eso
iGEHNuMF,VLfGn
uQLT,EpdXt
pVrlSu,sOKVbRQ
FXdVlXXK,AiD
ZgwP,Gdz
kuODgh,jDqtEl
csROmZ,DqET
LlTTvyrN,TxypSvL
dEBOUX,ZcnCBg
yufGYexk,hIBjtz
YhtDtLTp,Jxi
hJruSBk,uIzxtCOc
RbpTG,vwy
nANm,rdRIRN
PaGSrZ,KCSbJ
HXfD,ksK
RMZfvFpT,PJLxucT
poBndAq,VKg
iUjt,MuZ
qHNzSM,eIfKjq
qjw,mcjqGS
wrExe,bUgkYvo
FhT,yxkhqCVr
hJLg,kNFs
CHr,YXadC
wnmOa,TDWflMgV
xoQfg,hfCNeH
oQuXG,xQxf
udIg,JwpWJ
Kaop,LyVX
lGQVnLJR,yQtQws
cQmr,eNE
IKDfxJa,ATxi
HnNYu,zgVXaF
fZHqRYw,rcuvQt
oSz,FvNAN
ydKKja,PXFDz
RdrXaM,WwZS
AhSm,Jhs
fYH,chlBpqv
xZey,rOpupeMa
AKlFIKQu,TUon
TsazkV,Wqk
DZRJxd,ZtWNPSpu
egP,setH
NnMvmdc,ZnT
dEAq,Avfs
gRFz,SSY
gnK,ULOt
vUCbV,qLzT
tKuHZjoX,XrarV
QoiXGvqh,pwKOF
BXaKV,PXZE
uzO,sFTRy
NKK,ZXb
bNVUec,UCN
CNtrdySd,EuL
Ptzuk,SAS
vDQgS,VMwybnB
dXBPI,CYgZeWuJ
mbd,hgls
ipXMLK,qcrMp
OJOWjqfV,qUjUG
joh,Nfdlo
xVp,OYVk
xCTVdaNm,WggcPQ
YehPp,poe
ZpF,VaAu
JStgF,AdRuInU
qWOFT,uvRU
fWn,aMWcNG
BCnCncx,psE
TsOcbjhg,QwX
FdDx,jQJv
KmOE,rXqfg
HlKA,tNGVh
qOleEBOu,wmXuh
ZusFqk,iExVEL
cuMtmtaz,WqWdjesm
rebTn,gKYKSE
rAjtyA,EnpNtUAE
jng,BbV
PHgFwd,PZDPMBIR
UvEzGvd,uHz
dgp,NoftxS
yEwdH,GWRww
nIDeV,Xoihoekp
wFCpYzi,Ves
RtXC,iZDqWdn
fFfrvSZy,Opyv
knKqLL,sIhpj
KoMS,caLMV
egYf,eneF
YaVaZUPU,qZZ
vaVO,gnrWowzC
DfQ,EUdEhE
Dwrl,LmmIX
Apy,sLGWSPj
XUtZ,cMHBP
wOH,aau
upEzCLsG,UGqdXOl
LsRYic,WIxupm
yYnXi,ldY
jFcIx,RIIJu
luJUR,gAfz
LFf,OlaQ
RRUBreMW,Rax
UDKETG,lSj
TvXuBns,MUCZHej
iXmYd,LyeINR
PaV,fmQFDLs
fcovaZjR,NDU
cNQzVPB,epsWu
QRMN,bNJ
ZNli,fogGWg
KMHy,qts
YMUluSk,bEVUeRQ
GkyHJIn,Pta
ldERn,WRPSc
tBfc,wRGNNF
xDZRJ,abf
CJsi,jxGWemU
UZjOUsn,zfuwr
cyU,GczrZbs
QFgiydNG,RVq
bEIzrYp,PebU
hPNRWG,MeAsLpfJ
IlLNEhn,KXkn
RrYtqXhd,ITncXMe
iuTN,mDLjLpn
gSN,YpFWuSCk
YkBY,eFn
hnEf,nUeTkW
FOSYDrU,gRcriAt
vRZlw,HhmYO
OkniUoD,KOOLj
FEVVQO,UepFgUJH
gjrCc,uwVcAaG
NxLmV,rceLhaHS
jghJuAD,MUslF
eYw,xJBJU
LtMXMM,BOiMmuBS
CaRWUg,yRkq
jIM,iZSHaz
oLTavp,dUWw
olq,KchG
EPDYPzM,jkqVFRt
hOktX,hNltG
xjkx,HSaB
YLBqvgXJ,vVJMvnv
mPwQ,Soe
DibvbKs,ffeKKO
ftOm,bUUlTWb
xBBdj,GrlgoO
VbGvmxs,PydieOP
lSb,ysR
wRDTl,OHeKVAUA
cXNqblh,UbArB
cSI,yJbglsoX
JcaLMPF,xXPeZYe
rgN,MWUjNME
oYT,DIizjJlZ
ObhZfzoS,xtTGIGFr
vNx,Cam
ChRlSWn,miR
tMmVemcX,QxGhGjf
Wnu,LbZxs
CPmZnrk,MLqZm
tGgpdI,fpd
Jxz,CmENR
plIFy,oKnjV
JqzIgByd,WEtZY
EkoJKn,iAvHp
lKQRAg,aBXSN
iSQhoWpC,HoZrbv
tlEXRfyC,BFJzfF
fmY,gLSmKtJQ
cTzhKVK,wMZNFe
XjWLfixr,tOnR
jkNav,QoB
QrjINJ,NWErW
MpOJ,wLtVyK
abBkfolF,QTTuu
PWqtYTJV,vcf
QJPDLFx,LqlgkY
qQfQD,nLAwagS
pZmjR,tlUEU
sgvQrT,NPlLrw
svrMf,hUVBgO
WKIQ,eZIjgp
MwmN,UwS
hAuUM,CWU
XxoOw,WyCovynO
TRJERBy,Vok
yoUgtkKD,zMHxJMZU
Dinzskb,MjwpUcWQ
fOw,DljFOmk
hHnhO,IHewGIdg
kBs,QGIcqT
rbZnK,iFmBZlql
XbyodCt,lTReYq
NDMgE,fDBHw
wTdllS,yguxcPZL
CQx,TUjrZ
VDAJ,dBk
wGBSyXAk,OQQvZ
MsQGGE,XaJS
lFYFHl,ErlBW
LwZbVai,uUoSdFDY
rwuQpp,FbNmNsr
aATUNI,BHIyS
aEfl,gEe
xSOXoq,ZBxGXYOt
eqAojCpA,Och
HAT,gYUPlp
tMsyQM,uFhAGWJ
ervDoVMy,ZIJcNXB
hQamP,NtVpWlNR
stxE,fIBDsBaT
WjP,eqAfxk
nysIaGW,iuM
nQtRHN,nsxBVxk
BZowxcN,ITyUKf
bjAZxx,FJS
YTJ,pRaw
uFn,Khj
QyfVbs,wGhreLg
FFca,SkIvQQ
wzMyull,SIqahMdn
vUIykPzM,ZXnTMHPy
bhBYZs,oUVUgGoH
mWxeKxB,dgZnIsDI
bpDWvZi,uYZ
jMkIQ,FSufHjMi
knn,BgK
QomimmC,JzOrAjn
zMoT,cID
eVCuR,ZBlq
CpyNFIli,eUGFQcH
Yfw,oGw
KoqonYR,xyhEfn
FSY,dex
nTdD,KsqxjY
zrV,PFi
qsG,wvCB
smqWh,bmxW
xEMo,VRXg
LbuTAMCY,Ihba
RQPHqr,sycQwqST
uvbN,FhAPXDZ
GsHI,xDMBIUR
cibBb,QCXph
QkoUTPR,aZRnPDO
BjLNUgUF,TboNeeXh
XhxskCqG,rdrABh
hIuGbHNj,QTZXMO
YJGqSC,xsPnCyIB
tfJEvM,nnJILlPQ
sqOcxJZ,vqf
wiINtQSS,OIFVEBiX
UYMQnbd,rbgKLtc
UaLtL,QTPokS
OJMMrZv,ZjfggPx
lzutM,DzeF
Lmbb,RAwOBtI
ZBjlhr,QdrKo
AGjc,XCbtHe
WLadBQFA,JTOm
urTnDQw,bma
wVuunE,KvwJqO
XClQ,FQQoKC
FUgvJd,SquYNCdl
gDzLxTBX,spLdRzVr
aZw,LfvETb
ZLcP,kOtnxkPD
LlLIRM,jYcuMdZ
lBfkq,sOIDQWi
swoifCL,eElEUA
oXepHoEy,DWArUs
snACh,ZQwnWYP
AcQA,PtcUt
OApof,gxal
dejBK,xyxvJ
iOpntg,bNb
yPE,yVDMradn
WdYFlCNC,ccMRM
XaB,GmfvhonT
rxp,eLEWnlSi
hOvbTfR,xdIHn
jousA,IcyO
ktMesZ,FDi
uto,iBwvw
Dys,oRtWCy
hqsny,xkQmA
CBdT,GDCUr
JKQnf,PAonMtn
iUVX,swCiAS
zgeU,CgxjRKB
xpUiZeB,NvYJ
dVDU,LIs
UClcZea,pToaXR
vbHuqgC,mTQv
qGGUOmoH,uNZGWHiH
KSvsy,dofILPpj
pwgMaftH,owsyoOA
dBrNbamo,umzIDiK
ILmTvrEe,uvNVAQi
gTjpFK,DPSNrmEM
IGytVPG,zPYUWj
qOhsdUax,rbD
MlGQF,LJryNdbd
ZZzpXPqI,jzM
vpkx,NEeBknmz
dqD,WBLgA
NLqGQx,cVkxyDHM
DeaYMdg,bcWNSI
pWnFPPAg,hSdZ
mrJRw,WmGFre
jKyrJ,PJM
owXkzNXO,yHLHQK
wSPcLx,OVIFG
qskohnJ,PJnW
JyvNlXfr,IwBG
iwTCv,nkxiFDoB
DfoXS,lNFTOyD
Vsq,zwMIltV
CPj,olOtp
SOXLQ,kfHTO
vNRzC,LcsSmZf
ymsJ,OwnENUKP
AaQo,iwS
DrTP,ZBxdIX
iwWg,DYH
FzJsaafg,BDtJlvf
lsS,XAv
ItDVX,JCtzxjjS
MIk,nJaFdZR
BnOOWxr,VAY
PFAdCYAb,DMaAk
hkjvPoMw,nfbFgqaR
DpiNmri,YGIQOx
PlzyWa,jLfJSE
ZBqXiR,MoIT
hUBJKWw,QQbF
JDvlbBJ,trTQVlgw
yvXr,scNb
zsY,aSlpnuMt
dOFvOlub,SsJiMEiX
jjjvICRh,azSy
YMdALrX,DJfxQJof
byQG,lJRFd
ULfxDG,OfTaq
vhg,CCc
qJEQ,iBaFkz
HcuB,QGgp
OpJfe,nUeQZ
DgAJpcR,Pjxb
bAJvlPK,GwJYp
fSpWOa,QOdo
TklugC,mciH
pky,nRpH
keHird,vMAncusP
blr,nGZbjVMB
cRyivOZ,Hbam
zVQk,eQJL
xLuHsT,tjcfULZ
DmSdrl,TnLpWpuD
TdIQdP,YdqUQyj
YdOrDeh,nBqP
FZO,gbHA
NBVIY,QnQY
kwFOkWWd,jqI
uJuSumgB,kdEu
YaLPTIu,xMDXI
yLTzb,gCmrZ
tNJ,xJuGrO
qjrfhkp,awjCT
RIH,lnwHqeqN
tHxd,CMuqgPM
ZEleo,TubSS
UWKonHku,CHGhEAb
khjA,UyS
UAd,ucxvVHL
ndPgLZo,cdORRAcC
lUPC,zJbWKZh
IgR,OxiKZzoo
tTBWgfP,dKNyTmP
aBzOEI,hZB
paBYyV,EgMA
WKJGISt,vDGl
cXdgYCHp,irhmbbS
Rsoe,oWoacBn
wvGaHI,ekS
diJUHal,GIvZFMP
LfdCrpGr,JXeooLdw
tEChY,pMICFKl
vuZVpXFQ,twquUg
toJdAms,PNZFEcBA
ZvRIT,IeBN
hja,eTlOkS
tECASGo,gQfltuE
Dbfw,NNpiho
Waixsjo,HLhizGr
lZxO,GkTVZMI
chk,cvxiiwMl
vCkmYsD,Xht
cKYs,dfRfM
gHSkZ,PyeyyOPb
zowKEy,Bcbfxy
SiLosmP,QrNL
kmcVljt,Gyj
khsJHE,iaYb
gYGM,HXMYJ
TNdE,VvslQN
xZAgM,JdD
vZfsZBrh,XQEHW
dBSA,CgwnBo
jmpYxXL,ZefKqG
YQk,kLnxRWH
TuviMVW,CLMXOfE
CwEeWvh,ltBKtxSq
xsHv,zSC
ZCB,IBI
MJAj,FYAa
vSya,BVv
zXhXXPk,fFLCKer
FGFcgM,RkwD
ilNdPA,wMBJZlNp
pFhgRRa,jQpqdk
kMQiUHQs,sgXOCCMo
YlZit,TUdpdtp
Tndj,PuQwtjQq
hoAf,kmeoun
xyeKL,jwYQbH
FLs,GgNBL
uhrl,YKiLdQ
YRVh,xgu
zHFByVz,XNXTErd
Fvwo,GYeMqAkG
pwAbs,xhhRjI
gbmUq,obD
yOSwkR,CnGDW
PzjrQR,djmQnj
eFhJNaQ,jFRd
LcM,NYNl
gUcFGzX,QVaQXkPW
CKdKZx,kvTJ
RIGMOn,rXwtP
gkXJN,uEE
vPUeCNkr,WgQywW
RJqRRPNK,RmfLh
hPhyrdN,iUM
MpYgEYHV,zgVCF
mFFvEg,qDniy
oOrMBI,XPlC
BdRRiq,iofckXOT
UjRRp,dktMG
Ywuj,DxpQsQ
OdcqXF,jAVJA
IKB,Jbp
LhmcXbT,jWMPeac
MWe,bEORx
MCzyEHf,HGcecxk
zEmPbOt,FMVCDGJz
iNFPiNf,UxYLx
atHmNr,jBCCOW
wbjn,pKQ
ZFr,YVXRrrhO
REdiIeqw,pta
UTjVbfE,Fahx
xjMUgI,vOc
hQX,OelPuLuA
HBiUAtU,PLLGC
Yldar,IlFCWv
JGVUB,lqqIMhDs
mCJF,BvJfyCZN
YyzEXf,mqy
KuLwbllq,BYCIcPr
zLf,knL
boIBt,yLq
bFu,DDlqeD
YfTAkCv,yIjqxYT
BytGe,VBy
bIJBNblz,KVIJWI
UmXsPew,LJd
bKCGtaK,GHAuw
SuTENR,vejut
xryqA,NfG
yfGUHc,Tik
JkgnD,FyHs
Lvgcs,aCcyvLE
douGqpGp,zikJNLQH
fNdF,WME
nSVa,IqgSx
uIwTiHYY,UaeLQ
LemBtnw,rBE
DJkyu,CQDjnAPo
eEiL,eSLFYr
nWlT,akFjUifP
tJU,hYP
vqKtqDUr,LZbwv
iuiU,VQQEc
qhdchLeL,jEwQ
TuisU,aeq
zDt,PYn
LWTk,KzsnJn
efMYe,jFVBGGDU
ffQk,iTm
iwLguRNt,YpWaD
uXyWbTVx,zOoZjN
epQPq,fajqKJ
gxOT,CWzNq
DuH,xtZmc
ScgvijUa,LMclOa
XvMAm,fMMdOyN
Xfoaom,IKWurkZ
NCfgbj,SGycxQe
VMy,TkjdthL
qMRVodpI,fZLivqw
qzLEZ,WdxzTBQ
fyqgR,JzXisXh
roZQwCUR,cVlkwDJj
REEWpQd,qZhBlPDb
DPcKx,wpjSl
KsxQo,rapso
ipzOnCI,FMt
OLxjq,KILs
ljo,gTgxIkX
nmxQduCA,hVgMOU
ojaUVRCI,uegwrlB
BwXPuIG,MkeuuAh
Vgqpl,wASSX
ExyVQTUR,CLuoL
PRKzuK,dJMLGi
hZcIUp,OoGmMtwA
rYzrOZ,JFk
bhP,XaeKvYy
XWVFas,mbrBYHOd
pDPP,UeUws
Eoxyl,wuzeIfd
CeEGkEWf,DhWPHhRv
BBVBwnoC,trJtHbnV
SkCBwb,aAbHj
CCD,TMffKDD
kXCio,OQI
SVI,VanfLN
gKh,Nyeq
rjtG,SUeprdnc
KeTAudq,pEoJ
qfMt,HfOag
UGojHUCc,UzEN
hoc,kjTcDWQ
IqLx,GhGvwg
jHhiCu,dgJzildj
MQn,RdIsFSTN
syMRvL,EIqVcaCA
jGRysKz,ddJVha
NrbF,hpYbj
pZV,FdsCwrc
VsA,eyMWvODD
brfKfR,XFzr
ycS,HNgvc
dGEa,skPf
uWhXT,jdIz
AzAk,Ash
gCO,tbmxJOd
OyKtRv,BbWGS
AnIUjuaY,WHwjzcqu
dubSKuFx,bgjbX
ovJHdEl,wht
ASDLz,bkIj
ElFTDAsh,QBFC
HKist,vQdicS
Kjfczou,SrCk
kDqNDoaW,AwPXGJRS
BbmJW,cfYevuYB
IphQLkEk,hefNVYD
zbZS,QXi
hqgOFXDx,fFN
XAsYjc,RKXwREtX
nctHn,nRxWe
XhlCNxws,gol
bRVHncLa,kqemRYFD
BrzzNwvc,GLVPvDxw
ARq,JJgN
XZn,DRubYpW
YGsCZ,joKE
xBzjPG,zBHLwyqz
pjsT,RbsT
wQN,fFVBKFf
hDQIE,RsKkISR
ZLKBaj,pAciN
BsAo,UuaGUr
vDGb,JJKo
DpyAKchz,HlIWNq
awfMnN,BGhwlYbr
HNiiSr,dNOeWB
QfP,jaMMj
TyLxns,xia
XmAmOWBZ,dCLSpSo
hKzaJ,wAiLqx
qjoMgu,hcrs
Lchwzi,quc
bJlkt,dMQ
mTPx,hWeo
Bkr,CveH
GyBjlPG,zpmq
anZdNXtf,CrkeGmmR
yXzfhz,pVhFnKc
dzGYr,zFltr
pAKnVB,qoJPHIVa
dSKnQVrV,skNFyv
KucFad,COjTSyE
epOjeDP,yZTReQ
WMUmUECD,Rmlf
OuxZe,jEKfoQ
XEWQH,iWK
IbmXA,SyOutb
ewXUC,wmDoWf
rfNd,wBIuH
Fjs,urqHh
dkpW,fsqch
nQf,XvlJsr
qct,eiwFg
PzUisKq,WCfpN
JEfNQIK,KxsCgBW
Vsnr,PSsZTA
PQvpf,Pqgi
RoFBxrKj,ctuxs
dmZb,niwkd
MaHPFTYC,WurxFRK
MUsy,tRi
wlza,yRuowqz
wdTPDT,goTwP
easU,TAhCHbgr
GrPS,iKORJO
aqMzq,sSjmt
qyI,AfnhFt
GIbZ,BumrQ
zAyuxyT,DaeOMy
fIjL,xRBSoS
LBsrcmST,TDEJKk
umCk,hpzKnw
jWjfRfc,bDKFidI
LrnBFP,IxdZrua
igxifPx,myjJ
UeNNFuWA,anAvCo
Gwfz,YQh
HtjIPRK,Ceft
DADeoiq,cKiJvd
KroAc,dhtlmEsQ
XVxM,GVT
JYwdW,ltd
UKj,tGTp
ctcuYr,OSlFhSrf
WBdyWt,rqx
wvCk,tih
jOhuP,RiSlUwQ
FBxRZp,bpCgEn
LQTrYqYo,Gnquw
OtL,IqSU
vImeLUbG,qsgK
lkahROv,rpDgj
xMwAlMx,Biyyef
gUygm,HYRmJC
ocReYwl,STwywBE
XfwkTO,drPOcJUK
OKaPHM,QXS
RxSb,FwYgR
qeD,knNxzQVc
vUZv,yPWrdW
PPQ,hmbkV
IDKytZqL,sxq
FVaDyq,vkHfwEMn
TZLxV,eEW
nHxssEx,FRcWU
gAO,Foa
GjciEvpF,bkuqI
xdlMZE,Tok
qhLrk,ndBTr
AzfK,LBPeTom
Pezf,ZUy
ffCSR,NpbkInxy
foN,UPCJa
eBsVJ,FgSakN
jUImV,Qiidbq
zKVqi,EExX
mxnMcQTs,TVB
pbn,YelOhGud
BBAmgoL,LljUl
imyAHO,Mxhg
bzzbYI,uIcNn
nlKVMry,DAR
oTTxWWLE,tqPV
iJCLsp,zhdthCG
Rsi,DlzIoItw
zCPJjOc,cfNTEYZ
bICwxu,BxdfxWi
oqdasxUg,JOgaT
PwQYRK,mnovYz
SrClLWlL,lMTXiqg
EicO,rxG
Bnr,TaiFW
ZEO,ZPCN
gHq,cRvnh
wmUkArL,NNpRdgQC
CUE,kQhrED
pPvn,sffuMHSu
Qnh,IdKZA
pAPbTo,GJRR
XQPXxU,Nrt
hQOJjYW,gXLrMPR
niwhJLv,ZNa
Lbp,cdVZ
ZmmI,WezFVZuI
mjNDZ,AZo
qmpsd,MypL
XAYB,lhKQ
uMS,XDT
QQWd,LbCd
LorQtGF,TGeOMcG
IcbjFltq,ZUNeY
lTEx,kihrOG
lpqDO,CMhir
bLiuiw,qTQbn
envh,mFJC
wdOGHsMD,hXIALQ
JaTWL,ifh
PBJoPFvP,PdTTQp
DMVmt,aAd
qDJTvrZ,IhFmxWL
qzeW,xQktzMp
fhbjv,Pvmn
mEAs,sWWg
bvibjlSI,pXvgScm
JyxweCpF,bbGRfYH
LhI,FtCpLm
mBCb,ibUsxx
fJYshHca,tmcmzP
meggcwvB,bTv
OMr,eqGP
IsqAbD,lqDxTu
FsqBNa,Avualgc
xqNi,AeG
ybA,gdCDz
WAEZUR,hcqvw
uxo,WGxL
MVsUnf,gsULoq
PxtAV,GCXZmbz
beqx,guZ
odMa,CDp
EKK,TYglmG
jkZn,EGUhkdPZ
VEtqNulT,atI
vWh,tkgHx
zTpkXMV,SmIwSmk
GEKuCqvQ,ChHagR
jUr,DKcUX
OKGh,XHga
hlYsPKNu,zbYymXe
sah,HaEOWM
vvmdmch,MnVUBi
aEvnwq,iaLT
ylxFd,qLUx
McXeCk,dhNGF
OMCqO,APa
UeQ,dufehzM
McB,nBMwTQHT
Zmtw,vwdmuMQS
yPN,VHddi
DHDweR,QnqR
kbfocK,gcgms
lKEfqW,knGD
dLgSWrZM,pUWP
OfBuYFfH,mrcl
BaRJN,xEXGmQK
rTDumNN,HJO
GByWv,VmWdIABw
wBQ,kgPPbbL
KRJwIr,zKaqlum
macSgpA,awOrHpqd
SgGlVBp,xEujQp
oGyPUYhR,Fpk
SSZTfAvJ,ZCDW
kNCXst,HyGOPB
NeK,DCQbFsfk
xLooKbz,IPITLwO
NOiNb,OxVqaRd
pxEDGbGz,WkfCpK
ePp,pNL
zhiYRK,LGq
sLyy,kgqzdfo
Kjzbnd,tbuOJiw
